Model,BLEU,ROUGE_L,BERTScore,Perplexity,InferenceTime_ms,ModelSize_MB,EaseOfFinetuning,TOPSIS_Score,Rank
distilgpt2,15.2,24.1,0.81,13.5,85,260,5,0.706916909485795,1
gpt-neo-125M,16.3,25.4,0.82,12.5,110,350,4,0.6527060700764371,2
opt-125m,15.9,24.8,0.82,12.9,105,350,4,0.6413672197622525,3
gpt2,16.5,25.8,0.84,12.1,120,500,4,0.5202202888396139,4
t5-small,14.8,23.9,0.8,14.2,140,220,4,0.41272155346987993,5
bart-base,16.0,25.0,0.83,12.8,160,440,3,0.2796412088276659,6
