Model,Cluster,Oversampling,Simple Random,Stratified,Systematic
Decision Tree,0.923076923,0.974025974,0.974025974,0.987012987,0.987012987
KNN,0.948717949,0.974025974,0.974025974,0.896103896,0.935064935
Logistic Regression,0.923076923,0.857142857,0.883116883,0.909090909,0.896103896
Random Forest,0.948717949,1,1,0.987012987,1
SVM,0.948717949,0.688311688,0.675324675,0.74025974,0.805194805
