Alternative,Cost,Quality,Delivery,Service,Topsis Score,Rank
A1,250,7,4,8,0.5406281897930345,2
A2,200,6,3,7,0.15191870656849038,4
A3,300,8,5,9,1.0,1
A4,275,7,4,6,0.4497064681283822,3
